{"text": " Flash attention", "segments": [{"id": 0, "seek": 0, "start": 0.0, "end": 2.0, "text": " Flash attention", "tokens": [50364, 20232, 3202, 50464], "temperature": 0.0, "avg_logprob": -0.44212961196899414, "compression_ratio": 0.6521739130434783, "no_speech_prob": 0.21562795341014862}], "language": "en"}